https://images.unsplash.com/photo-1516849841032-87cbac4d88f7?ixlib=rb-1.2.1&ixid=eyJhcHBfaWQiOjEyMDd9&auto=format&fit=crop&w=1050&q=80,Antares
https://live.staticflickr.com/65535/49971441962_8dbf21d8ee_b.jpg, Juno
https://images.unsplash.com/photo-1516849677043-ef67c9557e16?ixlib=rb-1.2.1&ixid=eyJhcHBfaWQiOjEyMDd9&auto=format&fit=crop&w=1050&q=80,Apollo
https://live.staticflickr.com/65535/49941719687_076b8edd4d_b.jpg, Zenit
https://images.unsplash.com/photo-1517976384346-3136801d605d?ixlib=rb-1.2.1&auto=format&fit=crop&w=1000&q=80,Proton
https://live.staticflickr.com/65535/49635401403_ee3308f4df_b.jpg, Delta
https://images.unsplash.com/photo-1517976547714-720226b864c1?ixlib=rb-1.2.1&ixid=eyJhcHBfaWQiOjEyMDd9&auto=format&fit=crop&w=1050&q=80,Energia
https://images.unsplash.com/photo-1457364559154-aa2644600ebb?ixlib=rb-1.2.1&auto=format&fit=crop&w=1050&q=80,Electron
https://live.staticflickr.com/65535/48954138902_3f4741234f_b.jpg, Ariane
https://images.unsplash.com/photo-1457364983758-510f8afa9f5f?ixlib=rb-1.2.1&auto=format&fit=crop&w=1050&q=80,Pegasus
https://live.staticflickr.com/7619/16763151866_a2d8c9195b_b.jpg
https://live.staticflickr.com/7691/17324793792_14fcba2535_b.jpg
https://live.staticflickr.com/8601/16512864369_27bb414c91_b.jpg
https://live.staticflickr.com/7079/26778141661_476fbac9b4_b.jpg
https://live.staticflickr.com/7085/26809208046_6ebdbaa484_b.jpg
https://live.staticflickr.com/1486/25787998624_e1cb7b812f_b.jpg

